{
  "project_info": {
    "project_number": "1084577346240",
    "firebase_url": "https://paperface-4441e.firebaseio.com",
    "project_id": "paperface-4441e",
    "storage_bucket": "paperface-4441e.appspot.com"
  },
  "client": [
    {
      "client_info": {
        "mobilesdk_app_id": "1:1084577346240:android:fa1da22fba822dff603325",
        "android_client_info": {
          "package_name": "com.meet.paperface"
        }
      },
      "oauth_client": [
        {
          "client_id": "1084577346240-338fsfsamp3f4ihqjto3t29fgflm4kkt.apps.googleusercontent.com",
          "client_type": 1,
          "android_info": {
            "package_name": "com.meet.paperface",
            "certificate_hash": "bb0c6984879823cee6e869cd2d992ce8387032b9"
          }
        },
        {
          "client_id": "1084577346240-dim8dvbpnkuugdrdn6o882vo99ajagdp.apps.googleusercontent.com",
          "client_type": 1,
          "android_info": {
            "package_name": "com.meet.paperface",
            "certificate_hash": "7f63aa21b6e4d870b6e1f8b8946e374f0ae21c08"
          }
        },
        {
          "client_id": "1084577346240-6bdfaeagekkd29c5lbonrk5dn7t1fj1i.apps.googleusercontent.com",
          "client_type": 1,
          "android_info": {
            "package_name": "com.meet.paperface",
            "certificate_hash": "e8a06721e8d27b8b26ff2f87f78da6339b24628f"
          }
        },
        {
          "client_id": "1084577346240-ikn2e92ggp2mmekmrfoulbc3u62h3p7l.apps.googleusercontent.com",
          "client_type": 3
        }
      ],
      "api_key": [
        {
          "current_key": "AIzaSyDe3v5N-eBI046wBjKWiT-yNt3lKPh5cqs"
        }
      ],
      "services": {
        "appinvite_service": {
          "other_platform_oauth_client": [
            {
              "client_id": "1084577346240-ikn2e92ggp2mmekmrfoulbc3u62h3p7l.apps.googleusercontent.com",
              "client_type": 3
            }
          ]
        }
      }
    }
  ],
  "configuration_version": "1"
}